id,first_name,last_name,gender,phone,email,city
1,Max,Cay,Female,7554044541,mcay0@imgur.com,Kaliterus
2,Aluin,Fairholme,Male,6563853408,afairholme1@mysql.com,Jiaokou
3,Jamie,Rathe,Male,1729914236,jrathe2@usa.gov,Fenghuo
4,Martie,Harkin,Female,5142455602,mharkin3@reverbnation.com,Tagdanua
5,Carmine,Zouch,Male,5287874704,czouch4@theguardian.com,Pushchino
6,Theresita,Cornhill,Female,8815405014,tcornhill5@ask.com,Ljubešćica
7,Binnie,Almeida,Female,7016116346,balmeida6@dropbox.com,Desa Margaluyu
8,Bernardina,Standbrook,Female,6754997283,bstandbrook7@uiuc.edu,Talcahuano
9,Cassie,Sawford,Female,8022232818,csawford8@sitemeter.com,Trà Vinh
10,Faythe,Gregine,Female,5012281731,fgregine9@ebay.com,Dapeng
11,Michael,Templeman,Male,4985888438,mtemplemana@4shared.com,Al ‘Aqabah
12,Gavan,Galsworthy,Male,3191859082,ggalsworthyb@microsoft.com,Żarów
13,Hildy,Janson,Female,5308367107,hjansonc@skyrock.com,Dërmënas
14,Michaela,Tidd,Female,5107044560,mtiddd@ebay.co.uk,Anserma
15,Ariel,Mc Kellen,Male,3925996489,amckellene@jugem.jp,Gagarin
16,Ibbie,Rawdall,Female,2547229449,irawdallf@imdb.com,Shulan
17,Eugine,Comsty,Female,8907448950,ecomstyg@chicagotribune.com,Montpellier
18,Frayda,Blaskett,Female,5933584594,fblasketth@answers.com,Tuguanpu
19,Christan,Allery,Female,5278108855,calleryi@usnews.com,Sikonge
20,Luce,Cardo,Female,8998899329,lcardoj@arstechnica.com,Lam Plai Mat
21,Georgi,Diem,Male,9155544381,gdiemk@feedburner.com,Balung
22,Tulley,McClenan,Male,1814372183,tmcclenanl@prlog.org,Aranyaprathet
23,Curtis,Ainsbury,Male,2602693076,cainsburym@multiply.com,Futian
24,Denney,Wimpeney,Male,2143610161,dwimpeneyn@imgur.com,Dallas
25,Isadore,Caffin,Male,6077409720,icaffino@springer.com,Trujillo
26,Jolie,Flatte,Female,4536049101,jflattep@fastcompany.com,Alvalade
27,Roseann,Bernette,Female,9277497498,rbernetteq@smh.com.au,Göteborg
28,Bernie,Flowers,Male,2839103370,bflowersr@cloudflare.com,Krasnokholm
29,Talbert,Hummerston,Male,5434827912,thummerstons@naver.com,Gengqing
30,Maude,Ackhurst,Female,1013346545,mackhurstt@flavors.me,Bloemhof
31,Steffane,Bellee,Female,3898558687,sbelleeu@baidu.com,Bandeirantes
32,Christiano,Giannazzo,Male,5726341679,cgiannazzov@unc.edu,Kladovo
33,Flin,McAughtry,Male,5599540490,fmcaughtryw@smugmug.com,Buket Teukuh
34,Gavra,Alejandri,Female,7984151937,galejandrix@mail.ru,Morelos
35,Jerrome,Paybody,Male,4307217145,jpaybodyy@wisc.edu,Robertsfors
36,Zane,Tomasian,Male,5207754110,ztomasianz@is.gd,Limassol
37,Savina,Matussow,Female,2557673325,smatussow10@histats.com,Pieńsk
38,Floris,Buesnel,Female,3479672212,fbuesnel11@slate.com,Noebana
39,Natka,Maith,Female,5473511010,nmaith12@cdbaby.com,Sagang
40,Bobinette,Croxall,Female,5529224760,bcroxall13@gravatar.com,Yermolayevo
41,Leora,Traylen,Female,1468817765,ltraylen14@goo.ne.jp,Shangyang
42,Annalee,Cuerda,Female,5293023108,acuerda15@hostgator.com,Uppsala
43,Roseanne,Fosdike,Female,5628579099,rfosdike16@rambler.ru,Vällingby
44,Drusie,Vanyard,Female,5289797381,dvanyard17@list-manage.com,Bula
45,Renee,Davidovsky,Female,2043361254,rdavidovsky18@blogger.com,Rimbo
46,Maiga,Ney,Female,3558692275,mney19@diigo.com,Sanbao
47,Rochette,Timlin,Female,8605404144,rtimlin1a@ft.com,Timrat
48,Rabi,Dodman,Male,9499194642,rdodman1b@mysql.com,Komorniki
49,Randall,Labdon,Male,3832138139,rlabdon1c@springer.com,Gasri
50,Rossy,Summerlad,Male,9404972623,rsummerlad1d@odnoklassniki.ru,Basco
51,Fax,Guinane,Male,7704809164,fguinane1e@washingtonpost.com,Atlanta
52,Rollie,McCallister,Male,6459619488,rmccallister1f@infoseek.co.jp,Desakolot
53,Nomi,Godbold,Female,5474376014,ngodbold1g@hugedomains.com,Ventanas
54,Lauren,Chatteris,Male,3473171642,lchatteris1h@jugem.jp,Repušnica
55,William,Dinning,Male,9412757885,wdinning1i@spotify.com,Arshaluys
56,Jeanine,Eltune,Female,3873829789,jeltune1j@europa.eu,Larnaca
57,Alfonse,Culkin,Male,8569790982,aculkin1k@goodreads.com,Satrejan
58,Roseline,Helliwell,Female,6482318982,rhelliwell1l@alexa.com,Kista
59,Charlotte,Veel,Female,4579450038,cveel1m@purevolume.com,Caridad
60,Neely,Launder,Female,9067429567,nlaunder1n@goodreads.com,Currais
61,Rebecca,Durden,Female,4787399979,rdurden1o@tiny.cc,Senhor do Bonfim
62,Savina,Coalburn,Female,2825842226,scoalburn1p@ebay.co.uk,Vale da Pedra
63,Eduino,Gotmann,Male,7108335420,egotmann1q@prlog.org,Safi
64,Cory,Ellissen,Male,4692256322,cellissen1r@answers.com,Yaurisque
65,Amble,Tokley,Male,9908009929,atokley1s@godaddy.com,Roxas
66,Camila,Milksop,Female,2843842962,cmilksop1t@jalbum.net,Heerlen
67,Darya,Cottem,Female,4929075321,dcottem1u@pinterest.com,Penalva de Alva
68,August,Deeprose,Male,9952798918,adeeprose1v@wix.com,Santa Lucia
69,Prescott,Hayen,Male,1474542611,phayen1w@bbc.co.uk,Ban Khok
70,Aurore,Barenski,Female,3945042260,abarenski1x@g.co,Parakanbeusi
71,Brocky,Gratrix,Male,3209616069,bgratrix1y@gmpg.org,Badajoz
72,Olly,Luesley,Male,2955961802,oluesley1z@eepurl.com,Senada
73,Jesus,Surridge,Male,1927976022,jsurridge20@nasa.gov,Longxing
74,Meghan,Boulde,Female,1052409695,mboulde21@unicef.org,Orenburg
75,Faye,Adamec,Female,8915012436,fadamec22@jigsy.com,Ngerengere
76,Michael,Crippin,Male,4833212546,mcrippin23@over-blog.com,Puerto Varas
77,Leanna,Pawlowicz,Female,6585920669,lpawlowicz24@wikipedia.org,Quitilipi
78,Michele,Ibert,Male,7895379748,mibert25@phpbb.com,Kanoya
79,Dana,Prendergast,Female,1118513470,dprendergast26@fotki.com,Tatrang
80,Korey,Hansman,Male,9159069690,khansman27@who.int,Jiancheng
81,Orlan,Dayborne,Male,9806018968,odayborne28@ameblo.jp,Bogorodsk
82,Thorn,Tiptaft,Male,9769306226,ttiptaft29@dyndns.org,Monze
83,Dasha,Kardos,Female,8492894057,dkardos2a@cpanel.net,Bella Vista
84,Lief,Arran,Male,2587842045,larran2b@ed.gov,Kuteynykove
85,Lacee,Kitney,Female,1984434752,lkitney2c@ed.gov,Laoxingchang
86,Wilden,Bonwell,Male,7772475129,wbonwell2d@bbb.org,Vukovije Donje
87,Denver,Salzberger,Male,8903346952,dsalzberger2e@about.me,Sidi Yahya Ou Saad
88,Sheff,Batram,Male,3213352908,sbatram2f@spotify.com,Góra
89,Albie,Law,Male,1442132648,alaw2g@surveymonkey.com,Paraparaumu
90,Glynnis,Pollins,Female,4347559635,gpollins2h@apple.com,Bagan
91,Wallas,Scruby,Male,1205714720,wscruby2i@yahoo.com,Yuchi
92,Roddy,Mellings,Male,4252652418,rmellings2j@google.es,Cikuray
93,Carilyn,Allbut,Female,8948239599,callbut2k@angelfire.com,Bayanhoshuu
94,Norine,Bettison,Female,3791563890,nbettison2l@skyrock.com,Dazhangzhuang
95,Genovera,Mabee,Female,7997610857,gmabee2m@quantcast.com,Dongfeng
96,Moise,Maceur,Male,8956145527,mmaceur2n@ed.gov,Masḩah
97,Britni,Rate,Female,5891335594,brate2o@ezinearticles.com,Yeghegnut
98,Oberon,Breton,Male,3261741014,obreton2p@bloglovin.com,Novi Bilokorovychi
99,Barbabra,Kevern,Female,6392445325,bkevern2q@linkedin.com,Amnat Charoen
100,Karon,Brickham,Female,6068846124,kbrickham2r@imdb.com,Tongzi
101,Cynthy,Brixey,Female,5859747002,cbrixey2s@whitehouse.gov,Rochester
102,Bradford,Lofthouse,Male,3231306530,blofthouse2t@furl.net,Mporokoso
103,Tommie,Newsome,Female,3202739248,tnewsome2u@sogou.com,Calvário
104,Grange,Henker,Male,8654114271,ghenker2v@goo.gl,Barberton
105,Zolly,Blakesley,Male,3332045772,zblakesley2w@hibu.com,Ranisoba
106,Roselin,Lis,Female,3551173708,rlis2x@tmall.com,Vân Tùng
107,Stern,Gergler,Male,3193273406,sgergler2y@last.fm,Iowa City
108,Marty,Sewall,Female,1075096497,msewall2z@accuweather.com,Yangxu
109,Nicolas,Cantopher,Male,5172319890,ncantopher30@de.vu,Nglengkong
110,Wanids,Clarey,Female,5145553454,wclarey31@artisteer.com,Si Ma Cai
111,Nicolai,Start,Male,2185360695,nstart32@github.io,Jitian
112,Ericka,Burch,Female,4699774475,eburch33@alexa.com,Detik Satu
113,Yetta,Vondruska,Female,7793228601,yvondruska34@google.com.br,Xuhang
114,Dotty,Pashler,Female,6252570298,dpashler35@wix.com,Viçosa
115,Garey,Berthomier,Male,7921183891,gberthomier36@yandex.ru,Shīnḏanḏ
116,Kenton,Cloonan,Male,5957179320,kcloonan37@cbc.ca,Chimtāl
117,Westbrook,Gerrelts,Male,9314983643,wgerrelts38@shutterfly.com,Dami
118,Pattie,Toffoloni,Male,8814951676,ptoffoloni39@amazon.com,Petauke
119,Rik,Wallice,Male,6973358702,rwallice3a@sfgate.com,Zafar
120,Ezequiel,Clyma,Male,6534230803,eclyma3b@smh.com.au,Iles
121,Yoko,Grob,Female,2361863328,ygrob3c@va.gov,Hilotongan
122,Matty,Harroway,Male,3472838136,mharroway3d@hud.gov,Nantes
123,Aylmar,Echalier,Male,8065403615,aechalier3e@51.la,Cheb
124,Shaw,Vivians,Male,2661333901,svivians3f@jiathis.com,Fonte do Feto
125,Emlynn,Rubinov,Female,4988878793,erubinov3g@usatoday.com,Minsk
126,Tierney,Loisi,Female,2322280571,tloisi3h@bbc.co.uk,Baitu
127,Marielle,Issac,Female,3288114403,missac3i@ebay.com,Saratak
128,Debor,Doxey,Female,6868054568,ddoxey3j@oracle.com,Qifang
129,Waverly,Goghin,Male,4214869504,wgoghin3k@miitbeian.gov.cn,Noramarg
130,Roseanne,Jurczik,Female,7538662861,rjurczik3l@engadget.com,Santa Catarina Barahona
131,Burlie,Tapsell,Male,6195683293,btapsell3m@ovh.net,Tanggan
132,Gregoor,Eginton,Male,3437452967,geginton3n@csmonitor.com,Veracruz
133,Ignacio,Mulderrig,Male,2508953530,imulderrig3o@cocolog-nifty.com,Lukrejo
134,Gerhardt,Kubyszek,Male,2201980227,gkubyszek3p@irs.gov,Quận Bốn
135,Bonnie,Stockle,Female,2902360058,bstockle3q@earthlink.net,Cimaung Kidul
136,Sarena,Leavy,Female,3929863719,sleavy3r@ovh.net,Hutang
137,Suzie,Halwill,Female,2219250086,shalwill3s@taobao.com,Palhais
138,Hollis,Sivill,Male,1298491237,hsivill3t@cbc.ca,Oyabe
139,Eugenio,Nodes,Male,8056932440,enodes3u@1und1.de,Santa Barbara
140,Rolando,Ibanez,Male,4819038096,ribanez3v@opera.com,Kinzan
141,Jeanna,Wadelin,Female,2477148160,jwadelin3w@lulu.com,Bang Pakong
142,Yorke,Hutchinson,Male,3618199288,yhutchinson3x@apache.org,Yangjiao
143,Karena,Caldroni,Female,5349255846,kcaldroni3y@narod.ru,Velyki Kopany
144,Jayme,Trickey,Male,7248191833,jtrickey3z@newsvine.com,Osvaldo Cruz
145,Omar,Harpin,Male,6205672965,oharpin40@oaic.gov.au,Comrat
146,Cherish,Node,Female,5189795424,cnode41@devhub.com,Albany
147,Querida,Sturley,Female,6213431785,qsturley42@merriam-webster.com,Santa Lucia
148,Alanah,Arnowicz,Female,8406420831,aarnowicz43@cocolog-nifty.com,As Saddah
149,Dara,Picker,Female,9634681382,dpicker44@wikimedia.org,Kawalimukti
150,Link,Bowdrey,Male,5532467297,lbowdrey45@economist.com,Zgornje Pirniče
151,Emiline,Spada,Female,5381527066,espada46@npr.org,St. Thomas
152,Jobyna,Grevel,Female,2811294896,jgrevel47@dyndns.org,Amarillo
153,Donnajean,Swendell,Female,2307430849,dswendell48@whitehouse.gov,Tucaní
154,Isidoro,Ferruzzi,Male,8606965782,iferruzzi49@4shared.com,Bi’r al Ḩufayy
155,Joanne,Itzhak,Female,1202479505,jitzhak4a@sourceforge.net,Oematnunu
156,Joela,Winscomb,Female,8813456886,jwinscomb4b@gov.uk,Frederiksberg
157,Daisi,Luckett,Female,9075402279,dluckett4c@rakuten.co.jp,Yangzizhou
158,Brigham,Goulbourne,Male,2487574397,bgoulbourne4d@parallels.com,Machinda
159,Jammal,Provis,Male,2411707233,jprovis4e@nymag.com,Kericho
160,Mick,Cicchinelli,Male,6526843083,mcicchinelli4f@engadget.com,Xinjia
161,Adelind,Gosby,Female,6498033378,agosby4g@deliciousdays.com,Qingshi
162,Billy,Anyon,Female,7035840009,banyon4h@wikipedia.org,Okazaki
163,Kerri,Scadden,Female,6376146576,kscadden4i@seesaa.net,Tarbes
164,Carey,Jerschke,Male,7565950237,cjerschke4j@reference.com,Messina
165,Tobye,McQuirk,Female,8948271104,tmcquirk4k@time.com,Taphan Hin
166,Juline,Spacy,Female,2731654728,jspacy4l@patch.com,Moshiyi
167,Xavier,Thayre,Male,3564089416,xthayre4m@cnet.com,Siem Reap
168,Ravid,Mashal,Male,8889679600,rmashal4n@dell.com,Estância Velha
169,Julio,Shackel,Male,5189809108,jshackel4o@bloglines.com,Onguday
170,Sybila,Ryde,Female,4882843254,sryde4p@illinois.edu,Texistepeque
171,Blinny,Mitchelson,Female,9054377357,bmitchelson4q@infoseek.co.jp,Sammatti
172,Batsheva,Lapham,Female,7449052711,blapham4r@dyndns.org,Ibiporã
173,Conway,Roseborough,Male,6272742298,croseborough4s@gmpg.org,Dzerzhinskiy
174,Wyn,Oldman,Male,1911965209,woldman4t@cdc.gov,Balatero
175,Archie,Littlefair,Male,8259655985,alittlefair4u@amazonaws.com,Sentani
176,Kleon,Mulderrig,Male,9542279778,kmulderrig4v@ucoz.com,Shal’skiy
177,Chick,Ilson,Male,4422831200,cilson4w@t-online.de,Ash Shuqayrah
178,Kit,Baudin,Male,1225304720,kbaudin4x@blog.com,Al ‘Anān
179,Winthrop,Goscar,Male,8222559795,wgoscar4y@tiny.cc,Arroyo Seco
180,Thedrick,Scoon,Male,1126649213,tscoon4z@nyu.edu,Tamahú
181,Meta,Beeken,Female,6391008168,mbeeken50@i2i.jp,Naushahro Fīroz
182,Nonnah,MacAllaster,Female,6001401890,nmacallaster51@tamu.edu,Abricots
183,Terrie,Instone,Female,1509337336,tinstone52@php.net,Londiani
184,Tarrance,Struthers,Male,4473507377,tstruthers53@ucoz.com,Kudara-Somon
185,Tori,Maffioni,Female,6472132568,tmaffioni54@patch.com,Radiměř
186,Sidney,Fitter,Male,3214558601,sfitter55@theatlantic.com,San Matías
187,Layton,Snadden,Male,3126736374,lsnadden56@about.com,Lirang
188,Rhett,Lanston,Male,2075714376,rlanston57@google.co.jp,Useldange
189,Roz,Loreit,Female,5624134796,rloreit58@g.co,Erbil
190,Ellen,Forsyde,Female,5968523745,eforsyde59@naver.com,Pruszcz Gdański
191,Shirline,Berceros,Female,1136481315,sberceros5a@cornell.edu,Yelizavetinskaya
192,Urbano,Martensen,Male,6175983033,umartensen5b@sohu.com,Drosáto
193,Ashleigh,Babe,Female,6459054208,ababe5c@51.la,Dongtai
194,Bertine,Eveling,Female,2255992701,beveling5d@google.es,Golubac
195,Isidore,Tresler,Male,8387403906,itresler5e@themeforest.net,Hewa
196,Miltie,Link,Male,8718573503,mlink5f@i2i.jp,Uchiza
197,Anabella,Thursfield,Female,2053920263,athursfield5g@rakuten.co.jp,Custódia
198,Gizela,Challener,Female,9084634714,gchallener5h@yolasite.com,Fengshan
199,Westbrooke,Woodall,Male,8105944588,wwoodall5i@soundcloud.com,Bāgh-e Maīdān
200,Virgil,Kingscott,Male,3902452458,vkingscott5j@wikipedia.org,Tehetu
201,Margalo,Chidwick,Female,5656804805,mchidwick5k@psu.edu,Montenegro
202,Vassili,Regan,Male,5258045801,vregan5l@nyu.edu,Candelaria
203,Martino,Spowart,Male,6688597415,mspowart5m@about.me,Zhenshan
204,Goldina,Roony,Female,1225536107,groony5n@addthis.com,Caracal
205,Lyndell,Orta,Female,3193954805,lorta5o@cnn.com,Nenotes
206,Rustin,Rameaux,Male,3416506427,rrameaux5p@rakuten.co.jp,Enschede
207,Angelica,Busfield,Female,2422924964,abusfield5q@businessinsider.com,Koten
208,Christan,Calendar,Female,9449327659,ccalendar5r@economist.com,Plaridel
209,Lorne,Lorincz,Male,2892482357,llorincz5s@netscape.com,Podhum
210,Brandyn,Krug,Male,4673338038,bkrug5t@clickbank.net,Yuhuangding
211,Timotheus,Rodenburgh,Male,7464516779,trodenburgh5u@ezinearticles.com,Jiehu
212,Barrie,Bleakman,Male,9815964628,bbleakman5v@microsoft.com,Kumamoto
213,Gabbie,Schinetti,Male,2576600159,gschinetti5w@dailymail.co.uk,Funabashi
214,Saree,Denerley,Female,2941290784,sdenerley5x@bloomberg.com,Aco
215,Sandor,Vaughan-Hughes,Male,9475172674,svaughanhughes5y@cnn.com,Mungyeong
216,Chev,Mussard,Male,5309682519,cmussard5z@jalbum.net,Pellegrini
217,Hermy,Vize,Male,6568936407,hvize60@barnesandnoble.com,Hamburg
218,Dur,Huc,Male,8044620129,dhuc61@amazonaws.com,Vingåker
219,Felizio,Vint,Male,7704414745,fvint62@amazon.com,Nangewer
220,Lyndsie,Vallow,Female,4509928906,lvallow63@craigslist.org,Qibu
221,Lesley,Ribey,Female,2069063924,lribey64@pbs.org,Markaz-e Ḩukūmat-e Darwēshān
222,Jonie,Traves,Female,4311296669,jtraves65@ftc.gov,Al Manshāh
223,Elia,Eytel,Male,4035887451,eeytel66@globo.com,Inhumas
224,Adda,Gomme,Female,2056050024,agomme67@bandcamp.com,Zarasai
225,Heindrick,Hollerin,Male,9343465128,hhollerin68@vk.com,Laohekou
226,Lorraine,D'Elia,Female,6275485543,ldelia69@ustream.tv,Vyksa
227,Devora,Piwell,Female,8466610350,dpiwell6a@sciencedirect.com,Alcanena
228,Beatrisa,Luetchford,Female,3704242334,bluetchford6b@chicagotribune.com,Sibut
229,Bartie,Kolakovic,Male,5841597230,bkolakovic6c@gizmodo.com,Ibitinga
230,Charlena,Sones,Female,6317145245,csones6d@imgur.com,Ananindeua
231,Barnard,Bewshea,Male,3093834195,bbewshea6e@vkontakte.ru,Wako
232,Bernadine,Cecchetelli,Female,2844439683,bcecchetelli6f@nymag.com,Manjakandriana
233,Hallsy,Guerreru,Male,3227145737,hguerreru6g@google.co.jp,Dongxing
234,Claybourne,Lackney,Male,1374831843,clackney6h@dailymotion.com,Boafeo
235,Liuka,Clibbery,Female,7774836137,lclibbery6i@fda.gov,Providencia
236,Ari,Gentery,Male,6729646581,agentery6j@odnoklassniki.ru,Koíla
237,Odie,Wisbey,Male,8604899588,owisbey6k@imgur.com,Rybarzowice
238,Jaime,Starsmeare,Male,8683485372,jstarsmeare6l@buzzfeed.com,São Lourenço
239,Elene,Rattry,Female,8935658464,erattry6m@columbia.edu,Huimin
240,Rasla,Clackers,Female,3757859885,rclackers6n@google.com.hk,Aviles
241,Gordon,Dubois,Male,4836195679,gdubois6o@moonfruit.com,Fengyang Fuchengzhen
242,Megen,Sleet,Female,2842109062,msleet6p@census.gov,Cumanacoa
243,Malory,Casely,Female,8538902780,mcasely6q@hostgator.com,Fengdian
244,Harlene,Pim,Female,2941794727,hpim6r@ed.gov,Annopol
245,Korrie,Ilden,Female,1568061953,kilden6s@bandcamp.com,Sergeyevka
246,Noll,Yakunkin,Male,7949986011,nyakunkin6t@github.io,Chum Phae
247,Cori,Ivanov,Male,2126152094,civanov6u@hibu.com,Rio do Sul
248,Bartram,Mithon,Male,2281935886,bmithon6v@photobucket.com,Kostyantynivka
249,Rolland,Wagge,Male,9752815776,rwagge6w@google.ru,Martigues
250,Blayne,Flute,Male,6071470476,bflute6x@admin.ch,Nhà Bè
251,Ursuline,Corhard,Female,6348426499,ucorhard6y@bbb.org,Tegalgunung
252,Torin,MacCaughan,Male,3169916437,tmaccaughan6z@nsw.gov.au,Peñarrubia
253,Abagael,Sissland,Female,7006961251,asissland70@bizjournals.com,Pithári
254,Cissy,Moncur,Female,4362304220,cmoncur71@google.com.hk,Himanka
255,Clarie,Dorot,Female,5279205021,cdorot72@huffingtonpost.com,Tigarunggu
256,Currey,Vanderplas,Male,4402499518,cvanderplas73@addthis.com,La Paz
257,Leland,Treleven,Female,8727944400,ltreleven74@harvard.edu,Hegeng
258,Bjorn,Glaum,Male,7798362828,bglaum75@abc.net.au,Parry Sound
259,Arly,Loomis,Female,3198079146,aloomis76@weather.com,San Antonio
260,Budd,Dumper,Male,2674057232,bdumper77@amazonaws.com,Kista
261,Jonathon,Wetherill,Male,7124677422,jwetherill78@apple.com,Jīwani
262,Elvin,Hanby,Male,7557337168,ehanby79@cdbaby.com,Janakpur
263,Thaxter,MacEntee,Male,2889522282,tmacentee7a@is.gd,Mūsá Qal‘ah
264,Shel,McLevie,Female,9949805824,smclevie7b@theguardian.com,Oslo
265,Austin,Janusik,Male,6876789743,ajanusik7c@nbcnews.com,Mechrá Belqsiri
266,Blakeley,Linde,Female,1968502091,blinde7d@wsj.com,Yinchuan
267,Guendolen,McElwee,Female,9531759513,gmcelwee7e@taobao.com,Loma Bonita
268,Mariette,De La Haye,Female,1232748487,mdelahaye7f@vimeo.com,Créteil
269,Lennard,Karchowski,Male,4801150324,lkarchowski7g@posterous.com,Payapa
270,Miltie,Brisset,Male,6138709506,mbrisset7h@last.fm,Beipai
271,Aristotle,Jeenes,Male,7961207684,ajeenes7i@canalblog.com,Xiamayu
272,Lynnea,Jeaves,Female,6344113736,ljeaves7j@hc360.com,Vanadzor
273,Meryl,Gouldthorp,Female,5746280370,mgouldthorp7k@walmart.com,Demuk
274,Mort,Fishe,Male,7605885616,mfishe7l@archive.org,Rekowo Dolne
275,Petronille,Everex,Female,9521315160,peverex7m@homestead.com,Grodków
276,Wanda,Cressar,Female,2935746819,wcressar7n@discovery.com,Dubrovka
277,Tirrell,Michurin,Male,8034372499,tmichurin7o@columbia.edu,Hữu Lũng
278,Benjie,Fluck,Male,8548573757,bfluck7p@state.tx.us,Toulouse
279,Leanna,Fitzgerald,Female,5039318019,lfitzgerald7q@nyu.edu,Uuemõisa
280,Claretta,Flaherty,Female,3989963521,cflaherty7r@usnews.com,Bandar-e Torkaman
281,Duke,Piatkowski,Male,5557304906,dpiatkowski7s@ox.ac.uk,Kaduranca
282,Bjorn,Rego,Male,5192613828,brego7t@yahoo.co.jp,Itajuípe
283,Rafael,Redd,Male,2759321063,rredd7u@yellowpages.com,Mojogajeh
284,Christian,Burtwell,Male,4914819984,cburtwell7v@un.org,Donggaocun
285,Alaric,Lewnden,Male,4809417249,alewnden7w@mashable.com,Sadahayu
286,Bel,Sellner,Female,3682431227,bsellner7x@wiley.com,Jichang
287,Walsh,Esmond,Male,8713622692,wesmond7y@ibm.com,Omoku
288,Jarrod,Murby,Male,6648043669,jmurby7z@washington.edu,Malasila
289,Leigh,Wardle,Female,7086577536,lwardle80@prweb.com,Yekaterinovka
290,Ulrika,Blackah,Female,6549725225,ublackah81@google.de,Fushun
291,Donavon,Posten,Male,7366677804,dposten82@google.com.au,Horad Rechytsa
292,Neysa,Heisham,Female,6497321967,nheisham83@sitemeter.com,Paradyż
293,Delinda,Streeten,Female,3962245256,dstreeten84@ucsd.edu,Troitskoye
294,Heddi,Sandercroft,Female,2654876439,hsandercroft85@gravatar.com,Lizhuangzi
295,Kit,Byrth,Female,5527890818,kbyrth86@bbb.org,Bridgetown
296,Genny,Fieldgate,Female,4822499057,gfieldgate87@friendfeed.com,Shuangjing
297,Lind,MacAlpin,Female,3758219106,lmacalpin88@nature.com,Agiásos
298,Adela,Morshead,Female,2608871238,amorshead89@walmart.com,Tandag
299,Meredith,Gibbon,Male,8834246737,mgibbon8a@constantcontact.com,Baiyinnuole
300,Rodger,Goodoune,Male,2221395305,rgoodoune8b@about.com,Fengjiang
301,Marni,Bettlestone,Female,8798745303,mbettlestone8c@squidoo.com,Cesson
302,Falito,Stephens,Male,2172486701,fstephens8d@spiegel.de,Licupis
303,Channa,Mansel,Female,8242677417,cmansel8e@stumbleupon.com,Jingkou
304,Consalve,Saldler,Male,3545677026,csaldler8f@cdbaby.com,Suozhen
305,Boonie,Boame,Male,5188366537,bboame8g@sina.com.cn,Quiches
306,Frederico,Goacher,Male,3262666677,fgoacher8h@slashdot.org,Xipingle
307,Clayton,Chadderton,Male,1191790496,cchadderton8i@reuters.com,Dungarvan
308,Patricia,Klemke,Female,1852172310,pklemke8j@imageshack.us,Pervomays’k
309,Carl,Gilli,Male,1186710540,cgilli8k@hc360.com,Huaraz
310,Dorette,Sporgeon,Female,6494073740,dsporgeon8l@dedecms.com,Kostrovo
311,Noam,Maddox,Male,7663623716,nmaddox8m@jigsy.com,Talisay
312,Giulia,Philippeaux,Female,5039801582,gphilippeaux8n@usda.gov,Bente
313,Rosella,Arblaster,Female,8194352896,rarblaster8o@unc.edu,Vođinci
314,Clay,Jeckells,Male,9253302700,cjeckells8p@creativecommons.org,Metahāra
315,Red,Rosebotham,Male,1471891160,rrosebotham8q@dell.com,Stepnica
316,Neel,Keave,Male,8761160628,nkeave8r@epa.gov,Yerba Buena
317,Beck,Itzkovitch,Male,3566430285,bitzkovitch8s@nasa.gov,Kortowo
318,Spence,Beckmann,Male,5196474221,sbeckmann8t@sourceforge.net,Jinxiang
319,Maryanna,Grinsdale,Female,8438455276,mgrinsdale8u@sitemeter.com,Toungo
320,Elwyn,Sisley,Male,7226261706,esisley8v@uol.com.br,Presidente Bernardes
321,Hill,Truckett,Male,8075675174,htruckett8w@github.com,Rotterdam postbusnummers
322,Hakeem,Betancourt,Male,5586883597,hbetancourt8x@timesonline.co.uk,Žiežmariai
323,Leontyne,Mertin,Female,2231718589,lmertin8y@nhs.uk,Xinwo
324,Aggi,Trustram,Female,5783164954,atrustram8z@latimes.com,La Esperanza
325,Sullivan,Marflitt,Male,2094346756,smarflitt90@ning.com,Ciudad Bolívar
326,Antoni,Ellerington,Male,6575427295,aellerington91@ovh.net,Nauchnyy Gorodok
327,Candi,Spaughton,Female,9277230771,cspaughton92@comcast.net,Stockholm
328,Ebony,Gleder,Female,8051642200,egleder93@freewebs.com,Ferkessédougou
329,Bastian,Hazlehurst,Male,8151422516,bhazlehurst94@ebay.co.uk,Shiyaogou
330,Dara,Glanert,Female,7976487956,dglanert95@tripadvisor.com,Guihulñgan
331,Euell,Tilburn,Male,4785777751,etilburn96@tmall.com,Molinos
332,Karel,Yo,Female,7155700410,kyo97@patch.com,Cipolletti
333,Ronald,Bielfeldt,Male,3264057007,rbielfeldt98@unc.edu,Kostyantynivka
334,Fletcher,Bote,Male,4515288070,fbote99@posterous.com,Fengyang
335,Jeremy,Heskins,Male,9207326735,jheskins9a@icq.com,Campor
336,Cathrine,Elbourn,Female,5252870870,celbourn9b@shareasale.com,Nong Hin
337,Rossie,Towhey,Male,4053000367,rtowhey9c@ibm.com,Mertzig
338,Corrina,Broomhead,Female,4521653080,cbroomhead9d@biblegateway.com,Langpas
339,Kaycee,Scruby,Female,3986909147,kscruby9e@time.com,Kiarajangkung
340,Sandro,Southan,Male,1099833225,ssouthan9f@gizmodo.com,Toulouse
341,Clemens,Dahler,Male,4051105048,cdahler9g@xinhuanet.com,San Miguel
342,Mathilda,Keeri,Female,4255957590,mkeeri9h@globo.com,Xiawa
343,Roby,Gelletly,Female,3845039530,rgelletly9i@toplist.cz,Goussainville
344,Carce,Spilsbury,Male,3056240216,cspilsbury9j@a8.net,Murmansk
345,Brianna,Wigin,Female,3015918378,bwigin9k@studiopress.com,Shuangxiqiao
346,Darrelle,Bontoft,Female,8762985463,dbontoft9l@odnoklassniki.ru,Kaiama
347,Maddie,Mayston,Male,5206845758,mmayston9m@miibeian.gov.cn,Kasturi
348,Mervin,Torpie,Male,9036594945,mtorpie9n@bizjournals.com,Xinxi
349,Myrwyn,Reidshaw,Male,4955237632,mreidshaw9o@macromedia.com,Guayabal
350,Adoree,Minghella,Female,5368984979,aminghella9p@chron.com,Ekou
351,Floris,Stubbeley,Female,7175513994,fstubbeley9q@wordpress.com,Ingeniero Guillermo N. Juárez
352,Ophelia,Gandrich,Female,2121187219,ogandrich9r@oakley.com,Filiátes
353,Ginger,Fautley,Male,1574598043,gfautley9s@qq.com,Nam Som
354,Charlene,Renac,Female,5807047743,crenac9t@archive.org,Shiyan
355,Gerik,Abisetti,Male,5219950646,gabisetti9u@t.co,Niulanshan
356,Bram,Deverson,Male,9466640572,bdeverson9v@ted.com,Bang Na
357,Jerad,Grigorio,Male,6542644797,jgrigorio9w@soundcloud.com,Kristinehamn
358,Elihu,Pople,Male,5869228313,epople9x@twitter.com,Forshaga
359,Kathrine,Pulster,Female,5695770256,kpulster9y@statcounter.com,Dār Kulayb
360,Nomi,Kyngdon,Female,8817938727,nkyngdon9z@cloudflare.com,Berezna
361,Fidelity,Lobb,Female,5447901546,flobba0@elegantthemes.com,Al Qamşīyah
362,Harwell,Climer,Male,6064949121,hclimera1@ucoz.ru,Hancheng
363,Paloma,Pardie,Female,6543298591,ppardiea2@networksolutions.com,Paclolo
364,Derrek,Gammie,Male,1558482547,dgammiea3@canalblog.com,La Cruz
365,Tomasine,Ewence,Female,5606576341,tewencea4@oakley.com,Shibushi
366,Sara-ann,MacKenny,Female,7198646291,smackennya5@ameblo.jp,Khuean Ubonrat
367,Walker,Ashbee,Male,9631557660,washbeea6@sogou.com,Bāzārak
368,Marcie,Kernaghan,Female,1697867523,mkernaghana7@vk.com,Sölvesborg
369,Hetti,Williams,Female,3661919641,hwilliamsa8@sun.com,Sîr ed Danniyé
370,Kathi,Dabbes,Female,8591811031,kdabbesa9@symantec.com,Lexington
371,Darryl,Jeenes,Female,8768256495,djeenesaa@plala.or.jp,Gosë e Madhe
372,Dorey,Ilden,Female,1417602730,dildenab@arstechnica.com,Magepanda
373,Kirbee,MacKain,Female,4894548939,kmackainac@lycos.com,Monte Leite
374,Samantha,Oehm,Female,8248791011,soehmad@issuu.com,Benoni
375,Maurene,Bittlestone,Female,4509875990,mbittlestoneae@zdnet.com,Puhechang
376,Leonhard,Leversuch,Male,4033888087,lleversuchaf@disqus.com,Storozhnytsya
377,Ceil,Jeenes,Female,3088172786,cjeenesag@bandcamp.com,Frýdek-Místek
378,Hilliary,Pretsell,Female,9205260425,hpretsellah@drupal.org,Stykkishólmur
379,Evita,Gyorffy,Female,3156121667,egyorffyai@google.ru,Qaryat ad Da‘īs
380,Nial,Chaters,Male,6642203392,nchatersaj@google.ru,Bang Pakong
381,Kellyann,Pilipets,Female,1358253775,kpilipetsak@eventbrite.com,Xinqiao
382,Ebonee,Orton,Female,2857907514,eortonal@issuu.com,Naguilian
383,Tami,MacSwayde,Female,9325554315,tmacswaydeam@goo.gl,Hongtang
384,Guntar,Sings,Male,7179012148,gsingsan@ed.gov,Buenavista
385,Candie,Campione,Female,6279790643,ccampioneao@printfriendly.com,Nantes
386,Domenic,Millen,Male,2788215534,dmillenap@samsung.com,Hiratsuka
387,Grenville,Quarmby,Male,6084192105,gquarmbyaq@stumbleupon.com,Guararé
388,Griselda,Plaide,Female,7184774094,gplaidear@dagondesign.com,New York City
389,Alaric,Fraanchyonok,Male,2704963162,afraanchyonokas@telegraph.co.uk,Uberlândia
390,Eveleen,Tremontana,Female,1352549551,etremontanaat@soup.io,Huo’erqi
391,Freeman,Ewart,Male,9461472883,fewartau@nytimes.com,Dingzhai
392,Toiboid,Boundy,Male,2603484365,tboundyav@house.gov,Nueve de Julio
393,Ophelia,Pennazzi,Female,3211284767,opennazziaw@fda.gov,Wangunsari
394,Ester,Dainton,Female,4014367711,edaintonax@geocities.jp,Jambuwerkrajan
395,Isadora,Weond,Female,4064407654,iweonday@usgs.gov,Dengjia
396,Angela,Gordon,Female,1382502101,agordonaz@ucsd.edu,Zishan
397,Karoly,Preedy,Female,6002459496,kpreedyb0@g.co,Ferreiros
398,Tessy,Baglow,Female,5201684397,tbaglowb1@microsoft.com,Znamenskoye
399,Bob,Sawter,Male,7075935645,bsawterb2@123-reg.co.uk,Cumadcad
400,Kane,Samter,Male,4761578930,ksamterb3@naver.com,Old Harbour Bay
401,Mylo,Benech,Male,8421212785,mbenechb4@umn.edu,Makoua
402,Ashlen,Alwen,Female,3516725639,aalwenb5@exblog.jp,Shuiche
403,Jacintha,Corteney,Female,2528340055,jcorteneyb6@soundcloud.com,Clamart
404,Broderic,Czajkowska,Male,3286350274,bczajkowskab7@ucoz.ru,Křenovice
405,Charlton,Sterley,Male,2694709677,csterleyb8@amazon.co.jp,Xishui
406,Riobard,Coper,Male,4525778755,rcoperb9@reference.com,Nzeto
407,Alessandra,Cumbers,Female,1305911737,acumbersba@bigcartel.com,Webuye
408,Basil,Yakushkev,Male,2529574749,byakushkevbb@ezinearticles.com,Stepove
409,Brandea,Andresser,Female,9681413209,bandresserbc@ezinearticles.com,Khallat Ḩamāmah
410,Freddi,Silveston,Female,6786501310,fsilvestonbd@slideshare.net,Iitti
411,Adelice,Circuitt,Female,4303168617,acircuittbe@addtoany.com,Guaratuba
412,Luciano,Blazek,Male,4003279249,lblazekbf@cmu.edu,Beima
413,Irina,Kitteridge,Female,4745175091,ikitteridgebg@amazon.co.jp,Udobnaya
414,Tarra,Whitington,Female,1679951827,twhitingtonbh@dot.gov,Itatiba
415,Otha,Aldwich,Female,7778608724,oaldwichbi@networkadvertising.org,Mulhouse
416,Tod,Evershed,Male,1301201580,tevershedbj@live.com,Novopokrovka
417,Ulysses,Popping,Male,6039724949,upoppingbk@creativecommons.org,Jaguarari
418,Osmond,Greenard,Male,4191312236,ogreenardbl@mtv.com,Căuşeni
419,Merrill,Tatershall,Female,1145847370,mtatershallbm@com.com,Zungeru
420,Ariella,Bignal,Female,5472113393,abignalbn@naver.com,Luba
421,Elonore,Lambourne,Female,1841772695,elambournebo@parallels.com,Xiabaishi
422,Royce,Checchi,Male,6867912912,rchecchibp@army.mil,Quintela
423,Odelia,Bannerman,Female,8641835102,obannermanbq@tripadvisor.com,Kayunga
424,Dido,Jerzak,Female,4175213501,djerzakbr@tamu.edu,Rubik
425,Ariel,Ziemsen,Male,8973169780,aziemsenbs@bluehost.com,Néa Smýrni
426,Alon,Burgum,Male,3727229091,aburgumbt@aboutads.info,Long Layu
427,Millisent,Janodet,Female,3801538579,mjanodetbu@barnesandnoble.com,Petrovsk
428,Noel,McRory,Male,6373184909,nmcrorybv@xing.com,Xiaxihao
429,Gabby,Gallon,Male,3198843310,ggallonbw@devhub.com,Huaping
430,Tobiah,Skeffington,Male,7249322729,tskeffingtonbx@ucoz.ru,Kaeng Khoi
431,Xerxes,Whitlow,Male,3398901750,xwhitlowby@mtv.com,Troparëvo
432,Zahara,Brookshaw,Female,8229269088,zbrookshawbz@google.co.jp,Ribeira
433,Dottie,Merrill,Female,9762639144,dmerrillc0@nifty.com,Olo
434,Leland,Greendale,Male,8056949788,lgreendalec1@craigslist.org,Ciudad Choluteca
435,Vania,Wharf,Female,8132420080,vwharfc2@gizmodo.com,Socos
436,Hermann,Heinsius,Male,7686396582,hheinsiusc3@canalblog.com,Yanwo
437,Husain,Grebert,Male,3072539017,hgrebertc4@google.es,El Tambo
438,Erinna,Ambrosi,Female,9105283842,eambrosic5@webs.com,Velké Svatoňovice
439,Igor,Rossbrook,Male,2381365865,irossbrookc6@seesaa.net,Fuzhiping
440,Maiga,Billingsly,Female,8877221546,mbillingslyc7@unicef.org,Banī an Nahārī
441,Micki,Danford,Female,7805620847,mdanfordc8@army.mil,Knežica
442,Eadmund,Borrell,Male,3014133057,eborrellc9@livejournal.com,Cadagmayan Norte
443,Hanan,Clinton,Male,1385524037,hclintonca@canalblog.com,Maranganí
444,Dermot,Durnall,Male,1527077198,ddurnallcb@irs.gov,Heka
445,Gan,Brusby,Male,5339347596,gbrusbycc@ask.com,Cikuray
446,Vincent,Schoales,Male,7183417303,vschoalescd@unicef.org,Langchuan
447,Klarika,Swinbourne,Female,1936892790,kswinbournece@microsoft.com,Zhifudao
448,Garfield,Shearwood,Male,1736012143,gshearwoodcf@topsy.com,Haljala
449,Theodore,Magauran,Male,3976413673,tmagaurancg@tamu.edu,Luoshe
450,Malorie,Decaze,Female,4838549212,mdecazech@uol.com.br,Sarreguemines
451,Matthieu,Bellie,Male,9897606400,mbellieci@indiatimes.com,Macaíba
452,Enrica,Waison,Female,4293020113,ewaisoncj@bbb.org,Béré
453,Lionello,Godly,Male,8346519385,lgodlyck@spiegel.de,Rrapë
454,Norry,Philipsohn,Female,3007262590,nphilipsohncl@examiner.com,Maogang
455,Norma,MacKenney,Female,8347641211,nmackenneycm@indiatimes.com,Nankeng
456,Herta,Ciobotaro,Female,1293612256,hciobotarocn@nymag.com,Wonorejo
457,Dennis,Dryburgh,Male,4961042332,ddryburghco@irs.gov,Charlottetown
458,Charles,Casaletto,Male,7965523228,ccasalettocp@godaddy.com,San Miguel
459,Nap,Strainge,Male,2117024118,nstraingecq@stumbleupon.com,Durrës
460,Kristoffer,Mattek,Male,8361422170,kmattekcr@va.gov,Tayug
461,Alexandros,Pretorius,Male,7794875401,apretoriuscs@biglobe.ne.jp,Pendawanbaru
462,Asher,Fishly,Male,5474306045,afishlyct@gov.uk,Lobuni
463,Cob,Cavalier,Male,1366039218,ccavaliercu@squarespace.com,Beirut
464,Robbyn,Tourry,Female,4305894142,rtourrycv@imageshack.us,Alangalang
465,Elihu,Philbrook,Male,7302270911,ephilbrookcw@1und1.de,Linköping
466,Cathryn,de Glanville,Female,8078933634,cdeglanvillecx@mail.ru,Iligan City
467,Lionel,Robson,Male,5065979857,lrobsoncy@altervista.org,Mengdong
468,Jorry,Povlsen,Female,6455087465,jpovlsencz@usgs.gov,Coronda
469,Brett,Symonds,Male,4094738348,bsymondsd0@biglobe.ne.jp,Luts’k
470,Shawnee,Diamant,Female,2164522413,sdiamantd1@fastcompany.com,Agiásos
471,Ermanno,Westbury,Male,4015705576,ewestburyd2@about.com,Jembangan
472,Ivie,Braiden,Female,9918135380,ibraidend3@gizmodo.com,Luwingu
473,Tam,Blazy,Male,7787784462,tblazyd4@oracle.com,Pavlovskiy Posad
474,Deane,Mityushkin,Female,7491201595,dmityushkind5@hao123.com,La Esperanza
475,Vergil,Merriman,Male,8729425954,vmerrimand6@go.com,Rasshevatskaya
476,Doria,Wenman,Female,3871296114,dwenmand7@unblog.fr,Bokor
477,Bertha,Joinsey,Female,2797177769,bjoinseyd8@boston.com,Xinglong
478,Tanya,Scotchmoor,Female,1853794655,tscotchmoord9@skyrock.com,Aix-en-Provence
479,Rafi,Kniveton,Male,4075702204,rknivetonda@bbb.org,Beibao
480,Bab,Levermore,Female,8655168837,blevermoredb@alexa.com,Calauag
481,Hazlett,Biddell,Male,2578004143,hbiddelldc@accuweather.com,Songnan
482,Wright,Doubleday,Male,4059303605,wdoubledaydd@forbes.com,Oklahoma City
483,Rubin,Oakenfield,Male,2363740451,roakenfieldde@merriam-webster.com,Las Matas de Farfán
484,Petronille,Garriock,Female,6761410584,pgarriockdf@addtoany.com,Dalai
485,Gwendolen,Pardal,Female,9926535318,gpardaldg@cargocollective.com,Tianzishan
486,Averil,Ambroz,Female,2736829202,aambrozdh@cnn.com,Ketapang
487,Janet,Balazot,Female,2541150063,jbalazotdi@loc.gov,Laoag
488,Jolee,Confort,Female,4604312908,jconfortdj@paginegialle.it,Shiban
489,Adara,Done,Female,7026735511,adonedk@examiner.com,Villa Florida
490,Luther,Terbrug,Male,9661365143,lterbrugdl@paypal.com,Yangjiapo
491,Tedman,Gooders,Male,1795091911,tgoodersdm@arizona.edu,Dagui
492,Geri,Simonetto,Female,9466390778,gsimonettodn@last.fm,Xiamao
493,Vonnie,Kubal,Female,1299831674,vkubaldo@unesco.org,Nkoteng
494,Midge,Falcus,Female,9351148505,mfalcusdp@npr.org,Cabugao
495,Gannie,Jon,Male,1194014041,gjondq@yellowpages.com,Ballisodare
496,Marcellina,Schrader,Female,1413225875,mschraderdr@timesonline.co.uk,Manzë
497,Lalo,Baude,Male,7708785488,lbaudeds@tiny.cc,Chengjiao
498,Morgun,McCafferty,Male,7493440074,mmccaffertydt@japanpost.jp,Yucheng
499,Sharla,Ivantyev,Female,7517659964,sivantyevdu@cbslocal.com,Andradas
500,Kurt,Woolmington,Male,7936683112,kwoolmingtondv@artisteer.com,Salamnunggal
501,Loleta,Brennenstuhl,Female,8425189012,lbrennenstuhldw@purevolume.com,Famões
502,Kylila,Bicksteth,Female,6782701453,kbickstethdx@clickbank.net,Rayong
503,Dennis,Kock,Male,8733640761,dkockdy@bloomberg.com,Fāryāb
504,Eward,Wallice,Male,1412329989,ewallicedz@stanford.edu,Seixezelo
505,Morna,Askie,Female,9448717729,maskiee0@linkedin.com,Datian
506,Caryn,Ashburner,Female,4803139850,cashburnere1@blogtalkradio.com,Bianba
507,Antonio,Klink,Male,3321609830,aklinke2@youtu.be,Lantang
508,Ayn,Blewitt,Female,7558267135,ablewitte3@prlog.org,Cabriz
509,Gayler,Meineck,Male,3947759999,gmeinecke4@foxnews.com,Zhaoyuan
510,Pete,Buston,Male,7004554234,pbustone5@wordpress.org,Puyuan
511,Glory,Gage,Female,4187337715,ggagee6@cpanel.net,Novo-Peredelkino
512,Uriah,Matiebe,Male,7089588523,umatiebee7@elpais.com,Caper
513,Gilberto,Cliss,Male,3508433307,gclisse8@gmpg.org,Kotsyubyns’ke
514,Juana,Greenhill,Female,5337605843,jgreenhille9@so-net.ne.jp,Meicheng
515,Davy,Stack,Male,1168434846,dstackea@networksolutions.com,Savonranta
516,Diandra,Wyer,Female,4057115318,dwyereb@bloglovin.com,Mishan
517,Mahalia,Smewings,Female,8735133476,msmewingsec@storify.com,Podhum
518,Elita,Cheverell,Female,6803006544,echeverelled@dagondesign.com,Placencia
519,Fonsie,Gerholz,Male,3398445027,fgerholzee@sina.com.cn,Fier-Çifçi
520,Sumner,Tabard,Male,3233164941,stabardef@addthis.com,Bayt ‘Adhāqah
521,Zebedee,Peasee,Male,7942602270,zpeaseeeg@technorati.com,Ueda
522,Myles,Medcalfe,Male,9978716375,mmedcalfeeh@desdev.cn,Shizikeng
523,Nana,Heam,Female,3036281821,nheamei@mysql.com,Pomerode
524,Dorotea,Ades,Female,7451140614,dadesej@cam.ac.uk,Nugas
525,Gilbert,Steadman,Male,8581509234,gsteadmanek@topsy.com,Zamora
526,June,Summers,Female,4592784446,jsummersel@plala.or.jp,Merke
527,Law,Judgkins,Male,3858584222,ljudgkinsem@xing.com,Rozhdestveno
528,Garry,Blaschke,Male,7069858726,gblaschkeen@yandex.ru,Yingmaili
529,Hi,Solon,Male,7528299124,hsoloneo@surveymonkey.com,Bajina Bašta
530,Rodolph,Niblett,Male,5156167896,rniblettep@thetimes.co.uk,Qiongshan
531,Fonzie,Danet,Male,2155637643,fdaneteq@sciencedaily.com,Kensington
532,Leonard,Gianninotti,Male,7555431526,lgianninottier@topsy.com,Aragarças
533,Fifine,Barry,Female,7625283095,fbarryes@shop-pro.jp,Liquica
534,Norma,Ricardot,Female,9296463909,nricardotet@home.pl,Paris 17
535,Glen,Orrom,Male,5377656056,gorromeu@tumblr.com,Lyon
536,Rudiger,Burdfield,Male,9287801210,rburdfieldev@goo.ne.jp,Staroutkinsk
537,Had,De Marchi,Male,4778814569,hdemarchiew@comcast.net,Zhuting
538,Seymour,Dicey,Male,6889354288,sdiceyex@archive.org,Mangochi
539,Deedee,Schimmang,Female,5552937018,dschimmangey@edublogs.org,Arcachon
540,Ethelred,Skidmore,Male,8837077302,eskidmoreez@tuttocitta.it,Ellös
541,Cody,Nutkins,Male,5006691450,cnutkinsf0@wix.com,Sumeng
542,Isis,McKane,Female,3472733603,imckanef1@bandcamp.com,Slavgorod
543,Kenyon,Batcheldor,Male,5616364136,kbatcheldorf2@bigcartel.com,Murun-kuren
544,Risa,Salvati,Female,7009575457,rsalvatif3@studiopress.com,Kalemie
545,Marlow,Brisseau,Male,5045152167,mbrisseauf4@qq.com,Bajo Pichanaqui
546,Todd,Paolicchi,Male,4615143737,tpaolicchif5@prweb.com,Yingtou
547,Sherry,McGinnell,Female,1054679762,smcginnellf6@nytimes.com,Novomyshastovskaya
548,Ursula,Kairns,Female,9294537271,ukairnsf7@soup.io,Panunggangan
549,Jock,Kyte,Male,8628012329,jkytef8@oakley.com,Yinjiang
550,Katharyn,McEntagart,Female,9899525495,kmcentagartf9@edublogs.org,Nanyang
551,Goraud,Fryatt,Male,2231883393,gfryattfa@w3.org,Florencia
552,Jehu,Lequeux,Male,7651594005,jlequeuxfb@sciencedirect.com,Shtip
553,Sargent,Renton,Male,2647572186,srentonfc@psu.edu,Častolovice
554,Jeannie,Crellin,Female,3992067560,jcrellinfd@blogtalkradio.com,Rulong
555,Winnie,Feria,Male,1098218997,wferiafe@sun.com,Nabunturan
556,Berkie,Fenkel,Male,7009900140,bfenkelff@mlb.com,‘Arad
557,Dru,Sainter,Female,6665463317,dsainterfg@freewebs.com,Parravak’ar
558,Livia,Lambeth,Female,4821329806,llambethfh@smh.com.au,Aguitu
559,Stephen,McDonald,Male,3368845931,smcdonaldfi@seattletimes.com,Xijia
560,Bonita,Filov,Female,6244167755,bfilovfj@cdc.gov,Mainz
561,Saundra,Lawfull,Female,3612325612,slawfullfk@aboutads.info,München
562,Winn,Mollatt,Male,4428729286,wmollattfl@ucoz.com,Gaoping
563,Sal,Aiton,Male,3515443456,saitonfm@sbwire.com,Trzemeszno
564,Krisha,Tofano,Male,9805366978,ktofanofn@google.cn,Kagadi
565,Gal,Eingerfield,Male,2176468624,geingerfieldfo@ow.ly,Longguang
566,Allan,McHale,Male,4514054965,amchalefp@rambler.ru,Arosbaya
567,Elfrieda,MacKowle,Female,7586077501,emackowlefq@census.gov,Hongqiao
568,Bondon,Bairnsfather,Male,4511649555,bbairnsfatherfr@cbc.ca,Campoverde
569,Valery,Gremane,Female,2265491868,vgremanefs@mac.com,Martinópolis
570,Sayers,Gluyus,Male,3327865061,sgluyusft@geocities.jp,Ouani
571,Hakim,Lansly,Male,8317760137,hlanslyfu@howstuffworks.com,Salinas
572,Xavier,McPake,Male,6705709764,xmcpakefv@time.com,Prnjavor
573,Archie,Braga,Male,9268952960,abragafw@state.tx.us,Nantes
574,Wilhelm,Matveichev,Male,8288495682,wmatveichevfx@skyrock.com,Barão de Melgaço
575,Jacinta,Mc Caghan,Female,3753515687,jmccaghanfy@nhs.uk,Campo Alegre
576,Lisha,Melding,Female,4843657875,lmeldingfz@fotki.com,Zhoushizhuang
577,Hadlee,Geeson,Male,5005712955,hgeesong0@rambler.ru,Rizal
578,Yuma,Phillpot,Male,3894038715,yphillpotg1@umich.edu,Río Cauto
579,Noelani,Losseljong,Female,4988000750,nlosseljongg2@independent.co.uk,Lagunas
580,Michele,Kroch,Female,3815019443,mkrochg3@accuweather.com,Pereira Barreto
581,Nehemiah,Foye,Male,3323499292,nfoyeg4@wufoo.com,Hat Yai
582,Valle,Bastiman,Male,5395279618,vbastimang5@microsoft.com,Parys
583,Lammond,Vanshin,Male,8381092605,lvanshing6@diigo.com,Khosta
584,Zak,Lett,Male,2689555673,zlettg7@drupal.org,Saint-Péray
585,Innis,Dragoe,Male,1829958315,idragoeg8@arizona.edu,Kasongo
586,Keri,Palluschek,Female,3979562290,kpalluschekg9@theglobeandmail.com,Strathmore
587,Doloritas,Sommerlie,Female,3409187054,dsommerliega@nifty.com,Novyye Cherëmushki
588,Phillie,Rafferty,Female,5875108999,praffertygb@usa.gov,Haugesund
589,Cesare,De Zamudio,Male,7825883877,cdezamudiogc@newyorker.com,Araouane
590,Bethany,Ebden,Female,6688322217,bebdengd@tripadvisor.com,Kangding
591,Friedrich,Duferie,Male,8739436883,fduferiege@so-net.ne.jp,Kanye
592,Elene,Deverill,Female,5476699986,edeverillgf@simplemachines.org,Hājīganj
593,Theresa,Kuhle,Female,9164874063,tkuhlegg@desdev.cn,Granada
594,Auberon,Bullerwell,Male,2573072794,abullerwellgh@vimeo.com,Szczaniec
595,Viola,Glencrosche,Female,1571223979,vglencroschegi@purevolume.com,Gedera
596,Peirce,Symones,Male,2829264757,psymonesgj@umich.edu,Lengkong
597,Theodora,Devonport,Female,8475571472,tdevonportgk@msn.com,Las Heras
598,Boycey,Symms,Male,8762341918,bsymmsgl@nature.com,Antigonish
599,Wanids,Vondracek,Female,3931043397,wvondracekgm@answers.com,Alfena
600,Noelle,Rubanenko,Female,8215946027,nrubanenkogn@ustream.tv,Zuyevka
601,Garold,Josephson,Male,4929359737,gjosephsongo@icio.us,Zaprudnya
602,Gerard,Spier,Male,3223731703,gspiergp@hc360.com,Jiangkou
603,Vittorio,Wasielewicz,Male,4753690791,vwasielewiczgq@dion.ne.jp,Dolgoderevenskoye
604,Robinette,Rozea,Female,4002411957,rrozeagr@elpais.com,Burmakino
605,Inglebert,Yude,Male,7207901927,iyudegs@desdev.cn,Ignacio Zaragoza
606,Morlee,Linster,Male,9818464958,mlinstergt@sourceforge.net,Kota Kinabalu
607,Dan,Schottli,Male,3568825518,dschottligu@drupal.org,Sonorejo
608,Lowrance,Lawrence,Male,5205867754,llawrencegv@sogou.com,Sukamaju
609,Padriac,Shapira,Male,1245278721,pshapiragw@github.io,Tuoshi
610,Jeramey,Bowskill,Male,2034677728,jbowskillgx@ucoz.ru,Stamford
611,Cordelie,Purcell,Female,4314716962,cpurcellgy@sohu.com,Kovrov
612,Pen,Pohlke,Male,1592457546,ppohlkegz@state.gov,Changping
613,Jobina,Czaja,Female,4476606478,jczajah0@ihg.com,Chenfangji
614,Tandi,Bolstridge,Female,6705469730,tbolstridgeh1@umn.edu,Karangagung Timur
615,Aleksandr,Schoenrock,Male,7556597760,aschoenrockh2@spiegel.de,Pedreira
616,Herculie,Balsdone,Male,5501894102,hbalsdoneh3@craigslist.org,Agrela
617,Angelia,Huntington,Female,4048367767,ahuntingtonh4@flickr.com,Ciudad Cortés
618,Fields,McDonell,Male,8101969407,fmcdonellh5@scientificamerican.com,Torres Novas
619,Margarethe,Chaperling,Female,7985963137,mchaperlingh6@opera.com,城郊
620,Katrine,Derr,Female,7416040856,kderrh7@1688.com,Lons-le-Saunier
621,Danie,Mawd,Male,1888355705,dmawdh8@dropbox.com,Borzoy
622,Aube,Fendley,Male,3622137516,afendleyh9@ezinearticles.com,Kristiansund N
623,Ammamaria,Champagne,Female,7312684144,achampagneha@china.com.cn,Al Qurḩ
624,Rozamond,Inglesfield,Female,8042618453,ringlesfieldhb@seesaa.net,Nyrkiv
625,Bertrand,Rembrant,Male,5644401523,brembranthc@list-manage.com,Barda
626,Johan,Peert,Male,1978909276,jpeerthd@gravatar.com,Ozerki
627,Gustave,Dalrymple,Male,1427597491,gdalrymplehe@time.com,Guiglo
628,Murial,Seydlitz,Female,4591456310,mseydlitzhf@newyorker.com,Handegate
629,Mable,Jelks,Female,1905813414,mjelkshg@harvard.edu,Koanara
630,Heath,Ricardot,Female,5403659896,hricardothh@seesaa.net,Mandalay
631,Felisha,Crolla,Female,2929248205,fcrollahi@oaic.gov.au,Sangiang
632,Cassandry,Bembridge,Female,2717942642,cbembridgehj@miibeian.gov.cn,Hexi
633,Cleo,Postans,Female,9045927270,cpostanshk@w3.org,Dengtang
634,Tracey,Lilie,Male,3767145170,tliliehl@tinypic.com,Chinandega
635,Towny,Wallenger,Male,4089617760,twallengerhm@nyu.edu,San Jose
636,Catlin,Vela,Female,6596311798,cvelahn@google.com,Nekrasovka
637,Nial,De Carteret,Male,7798989841,ndecarteretho@paginegialle.it,Pulau Pinang
638,Kylynn,Jelf,Female,3482914607,kjelfhp@sbwire.com,Juripiranga
639,Anastassia,Rosenfield,Female,2231048937,arosenfieldhq@meetup.com,Roanne
640,Kerwinn,Rosenbloom,Male,4319097771,krosenbloomhr@4shared.com,Orocué
641,Vi,Haworth,Female,5953530857,vhaworthhs@nyu.edu,Shāhdādkot
642,Aloin,MacRury,Male,7816945059,amacruryht@xrea.com,Rohia
643,Gerianne,Lethbrig,Female,3994409190,glethbrighu@xing.com,Aḑ Ḑil‘
644,Redford,Symms,Male,8122491764,rsymmshv@bbc.co.uk,Jeffersonville
645,Hamlin,Jendrys,Male,8178240909,hjendryshw@house.gov,Zadvorsko
646,Nonnah,Bilbee,Female,3217828180,nbilbeehx@meetup.com,Xuji
647,Ray,Kenway,Female,9724066731,rkenwayhy@squarespace.com,Garland
648,Erek,Marklow,Male,6083970114,emarklowhz@huffingtonpost.com,Stockholm
649,Tallie,Philippson,Male,1909498272,tphilippsoni0@prnewswire.com,Kuafeu
650,Randolph,Oulet,Male,7838812284,rouleti1@samsung.com,Mitrópoli
651,Barty,Knapp,Male,5321032918,bknappi2@google.co.jp,Solna
652,Vonni,Matousek,Female,5191173295,vmatouseki3@linkedin.com,Bordeaux
653,Hervey,Zuenelli,Male,4247853743,hzuenellii4@technorati.com,Poste de Flacq
654,Aeriell,Bonin,Female,4605729335,abonini5@gmpg.org,Talovyy
655,Halli,Clifton,Female,3186149177,hcliftoni6@umich.edu,Shreveport
656,Tammie,Housbie,Male,6469644730,thousbiei7@opensource.org,Brooklyn
657,Delilah,Rosenfield,Female,5537760142,drosenfieldi8@mapquest.com,Amargosa
658,Michell,Ovell,Female,5504006065,movelli9@t-online.de,Cavadas
659,Marietta,Bridger,Female,3375817964,mbridgeria@google.de,Paranavaí
660,Belvia,Hun,Female,2412520415,bhunib@google.ca,Tangkilsari
661,Cornelius,Sprade,Male,7967599978,cspradeic@smugmug.com,Xiaochengzi
662,Madalyn,Nares,Female,9658605910,mnaresid@cnet.com,Mandala
663,Gae,Andrusov,Female,5636271324,gandrusovie@wp.com,Yihe
664,Sayers,Le Estut,Male,9408952319,sleestutif@youtube.com,Phra Pradaeng
665,Angelo,Holyland,Male,9888186514,aholylandig@foxnews.com,Huayang
666,Dallas,McCrainor,Female,4284983238,dmccrainorih@nationalgeographic.com,Hagi
667,Hulda,Mance,Female,3225963997,hmanceii@shop-pro.jp,Antsirabe
668,Windy,Navarijo,Female,9636914239,wnavarijoij@constantcontact.com,Agriá
669,Coral,Denmead,Female,9843331722,cdenmeadik@globo.com,Vylkove
670,Jo,Ioan,Male,6568820276,jioanil@oaic.gov.au,El Coco
671,Siward,Loveguard,Male,7304939504,sloveguardim@umn.edu,Pakemitan
672,Shanna,Jannaway,Female,3873511207,sjannawayin@sakura.ne.jp,Darungan Lor
673,Brandyn,Christmas,Male,9484905968,bchristmasio@npr.org,Vila Nova
674,Karlene,Pedlar,Female,3231395476,kpedlarip@blogspot.com,Libofshë
675,Ferdy,Doog,Male,2222101466,fdoogiq@free.fr,Yatunpu
676,Izzy,Cochet,Male,9193459076,icochetir@phoca.cz,Loštice
677,Stacy,Broseke,Female,6827390520,sbrosekeis@ibm.com,Detusoko
678,Gypsy,Stoacley,Female,6247993075,gstoacleyit@bloglovin.com,Alíartos
679,Tabor,Malley,Male,1774123639,tmalleyiu@github.io,Masty
680,Melba,Defty,Female,6144040075,mdeftyiv@prnewswire.com,Bilajari
681,Boyce,Dominiak,Male,4177245830,bdominiakiw@nasa.gov,Leksand
682,Norrie,Devanny,Male,3952073809,ndevannyix@free.fr,Svalöv
683,Allard,Tink,Male,2477349300,atinkiy@huffingtonpost.com,Kulun
684,Sam,Maddick,Male,6716081106,smaddickiz@narod.ru,Nazaré
685,Morna,Livock,Female,2145629271,mlivockj0@tripadvisor.com,Pirapozinho
686,Cirilo,Lilburne,Male,2631908914,clilburnej1@skyrock.com,Nihommatsu
687,Mary,O'Heneghan,Female,1702210733,moheneghanj2@netvibes.com,Antsirabe
688,Liesa,Meake,Female,7712276673,lmeakej3@arstechnica.com,Isehara
689,Brendan,Glassup,Male,3972177978,bglassupj4@cpanel.net,Chepareria
690,Arturo,Easum,Male,9541324579,aeasumj5@vistaprint.com,Rejanegara
691,Maribeth,Agutter,Female,9749237219,magutterj6@forbes.com,Loučeň
692,Franzen,Palser,Male,5159839224,fpalserj7@jugem.jp,Des Moines
693,Clare,Wheble,Female,3501017266,cwheblej8@artisteer.com,Kímolos
694,Renard,Niven,Male,6982933653,rnivenj9@bizjournals.com,Dogondoutchi
695,Terra,Heintz,Female,7086700395,theintzja@youtu.be,Shiyun
696,Daphna,Pretty,Female,2674880058,dprettyjb@newsvine.com,Casselman
697,Sheeree,Shave,Female,1598459913,sshavejc@addthis.com,Xinmen
698,Kameko,Dummer,Female,9622967093,kdummerjd@ftc.gov,Kadubincarung
699,Darrelle,Iianon,Female,4841629801,diianonje@walmart.com,Jishan
700,Timi,Hehir,Female,7356145991,thehirjf@npr.org,Ash Shafā
701,Hieronymus,Worsfold,Male,1702536469,hworsfoldjg@123-reg.co.uk,Catache
702,Ryun,Cockerton,Male,5253529541,rcockertonjh@github.com,Ngurensiti
703,Neila,Thuillier,Female,3435883850,nthuillierji@drupal.org,Iogach
704,Benton,Nucci,Male,6189824377,bnuccijj@privacy.gov.au,Soest
705,Wyn,Dowell,Male,2763661856,wdowelljk@fotki.com,Przelewice
706,Shell,Blacklock,Female,6724432722,sblacklockjl@jigsy.com,General La Madrid
707,Erie,Feltham,Male,2407102705,efelthamjm@cam.ac.uk,Paris 19
708,Robenia,Launder,Female,5542956424,rlaunderjn@tumblr.com,Qingyang
709,Anthia,Pina,Female,5399331957,apinajo@ask.com,San Antonio
710,Osborne,Standfield,Male,5645217603,ostandfieldjp@cdbaby.com,Maba
711,Krista,Cufflin,Female,5166720008,kcufflinjq@usa.gov,Chouto
712,Padraig,Mabson,Male,9346142724,pmabsonjr@ebay.com,Lenger
713,Estrellita,Count,Female,7393719461,ecountjs@posterous.com,Osvaldo Cruz
714,Lazar,Pyburn,Male,4305148451,lpyburnjt@ebay.com,Jincheng
715,Aymer,McKinnon,Male,1022453866,amckinnonju@vkontakte.ru,Gunungmenang
716,Harmony,Collishaw,Female,9293369191,hcollishawjv@dagondesign.com,High Prairie
717,Aleda,Dyment,Female,8139473732,adymentjw@rambler.ru,Barra de Carrasco
718,Penny,Beamson,Male,9838812353,pbeamsonjx@digg.com,Sol’tsy
719,Beltran,Hellwig,Male,7772997496,bhellwigjy@mapquest.com,Tawangsari
720,Ailbert,Squirrell,Male,6267331457,asquirrelljz@comsenz.com,Guaratuba
721,Bess,Yakovitch,Female,9189695535,byakovitchk0@fastcompany.com,Maluso
722,Maddie,Reichartz,Male,8683966753,mreichartzk1@rediff.com,Ficksburg
723,Lauraine,Lude,Female,5881648157,lludek2@myspace.com,Callao
724,Gunther,Yann,Male,8304812635,gyannk3@gizmodo.com,Piracuruca
725,Jayme,Glyne,Female,8559929767,jglynek4@trellian.com,Oxapampa
726,Stacia,Younge,Female,1486755353,syoungek5@redcross.org,Nanshi
727,Toddy,Lubbock,Male,6596418313,tlubbockk6@nyu.edu,Tubarão
728,Corie,Husby,Female,1297915731,chusbyk7@dyndns.org,Sambongmulyo
729,Maximilianus,Cosgrive,Male,8848510325,mcosgrivek8@cafepress.com,Mindupok
730,Arlan,Blasi,Male,2661640989,ablasik9@army.mil,Tyczyn
731,Drucill,Diment,Female,5605839301,ddimentka@mozilla.org,Gus’-Khrustal’nyy
732,Wernher,Romera,Male,2155564570,wromerakb@mashable.com,Philadelphia
733,Jimmy,Adcocks,Male,9762220816,jadcockskc@github.io,Monte Agudo
734,Toinette,Risely,Female,9582440364,triselykd@xing.com,Ginebra
735,Amandie,De Vaar,Female,7701707529,adevaarke@unblog.fr,Sosnovka
736,Rochelle,Evesque,Female,2537281212,revesquekf@vkontakte.ru,Torsby
737,Rhetta,Clue,Female,1427397142,rcluekg@webs.com,Tambarangan
738,Edward,Murfett,Male,6876734040,emurfettkh@moonfruit.com,Hukou
739,Felix,Beldon,Male,2289140226,fbeldonki@deviantart.com,Funtua
740,Avril,Handford,Female,6845006683,ahandfordkj@umn.edu,Florestópolis
741,Bogey,Mordue,Male,8311717217,bmorduekk@hatena.ne.jp,Thayetmyo
742,Elie,McCane,Female,2198471568,emccanekl@ibm.com,Xibu
743,Brooks,Patshull,Male,9577501549,bpatshullkm@yellowbook.com,Na Chaluai
744,Lowe,Fearnsides,Male,6463079373,lfearnsideskn@adobe.com,Uyuni
745,Abrahan,Hamel,Male,8234666860,ahamelko@icio.us,Carlos Casares
746,Lilla,Siddaley,Female,8127157785,lsiddaleykp@apple.com,Terre Haute
747,Anthiathia,Birts,Female,2939403384,abirtskq@homestead.com,Tak
748,Phyllida,Findlow,Female,2021675914,pfindlowkr@posterous.com,Washington
749,Milty,MacKim,Male,7551354461,mmackimks@pinterest.com,Mae Hi
750,Barclay,Biles,Male,2442299420,bbileskt@intel.com,Zhongdong
751,Goddard,Tringham,Male,5146911243,gtringhamku@posterous.com,Aş Şalw
752,Noella,Petronis,Female,5036618863,npetroniskv@cdbaby.com,Nickby
753,Malchy,Kneale,Male,7653151638,mknealekw@tiny.cc,Biryulëvo Zapadnoye
754,Ralf,Areles,Male,5822160569,rareleskx@amazon.com,Paris 07
755,Cornelius,Spurryer,Male,8971065697,cspurryerky@prnewswire.com,Sparwood
756,Bear,Pogue,Male,3734848158,bpoguekz@bloomberg.com,Stord
757,Stanwood,Starzaker,Male,9774001146,sstarzakerl0@goodreads.com,Wuquan
758,Barri,Gairdner,Male,2272434381,bgairdnerl1@cbsnews.com,Tanjung Kidul
759,Zebedee,Ghidotti,Male,2081314786,zghidottil2@mail.ru,Postojna
760,Sanders,Girardini,Male,9174917013,sgirardinil3@nature.com,Guamal
761,Jerrome,Episcopi,Male,2483057933,jepiscopil4@ebay.co.uk,Asíni
762,Leonard,Drever,Male,7147235055,ldreverl5@theglobeandmail.com,Santa Ana
763,Ainslie,Zammitt,Female,6382477634,azammittl6@github.io,Mariefred
764,Marlane,Piddick,Female,9358720534,mpiddickl7@flickr.com,Uchimaru
765,Amalia,Dionisii,Female,9351015632,adionisiil8@angelfire.com,Hayil
766,Cristie,Calow,Female,3205229563,ccalowl9@nifty.com,Uddiawan
767,Selene,Klazenga,Female,2545101866,sklazengala@google.com.hk,Franca
768,Bili,Pinnington,Female,8379585402,bpinningtonlb@wikipedia.org,Karanganyar
769,Delano,Fyrth,Male,5819998738,dfyrthlc@jigsy.com,Besançon
770,Ros,Pennetta,Female,7723370929,rpennettald@paypal.com,Qiwen
771,Berny,Doe,Male,9032189975,bdoele@ucla.edu,Al Khirāb
772,Hilton,Filippone,Male,5824661459,hfilipponelf@wikipedia.org,Bardalah
773,Hashim,Sertin,Male,5371166778,hsertinlg@nps.gov,Nyanza
774,Chrysler,Godfree,Female,8388007338,cgodfreelh@paypal.com,Youludu Sibage
775,Halsey,MacKellen,Male,8129127388,hmackellenli@comcast.net,Huashan
776,Pancho,Linning,Male,9023862633,plinninglj@woothemes.com,Huangmu
777,Dewitt,Ridsdole,Male,5016291461,dridsdolelk@blogtalkradio.com,Ipil
778,Selie,Nucci,Female,7609119546,snuccill@networksolutions.com,Shchelkovo
779,Matt,Male,Male,4859848314,mmalelm@flavors.me,Yangcun
780,Ketty,Ebsworth,Female,7156720635,kebsworthln@ucoz.com,Jishan
781,Matthus,Maplestone,Male,8032034931,mmaplestonelo@utexas.edu,Fernandópolis
782,Darlleen,Etches,Female,7253912457,detcheslp@drupal.org,Guadalupe Victoria
783,Caryl,Esp,Male,7891236158,cesplq@blogger.com,Pridonskoy
784,Ignatius,Piris,Male,6225772244,ipirislr@mac.com,Robonkon
785,Tedi,Mulrenan,Female,8652279009,tmulrenanls@hugedomains.com,Áyioi Apóstoloi
786,Carmita,Jinkin,Female,3638053379,cjinkinlt@github.com,Dungang
787,Gertrude,Cardero,Female,3177423240,gcarderolu@issuu.com,Vandœuvre-lès-Nancy
788,Sidney,Traite,Male,3185957204,straitelv@ask.com,Pervomaysk
789,Franklyn,Kleszinski,Male,8828956895,fkleszinskilw@dmoz.org,Tonghae
790,Donovan,Winward,Male,2503996789,dwinwardlx@time.com,Jiulong
791,Ulberto,Dripps,Male,5116492356,udrippsly@skyrock.com,Casa Nova
792,Axe,Licciardello,Male,7787285258,alicciardellolz@upenn.edu,Jiexiu
793,Lorena,Wattisham,Female,6551702419,lwattishamm0@blog.com,Sychëvo
794,Lane,McPeeters,Male,5423628547,lmcpeetersm1@usgs.gov,Fuerte
795,Gratiana,Grahlman,Female,4693992814,ggrahlmanm2@shareasale.com,Lębork
796,Trudy,Fratczak,Female,5766980801,tfratczakm3@ucoz.com,la Massana
797,Bond,Hookes,Male,1013291330,bhookesm4@independent.co.uk,Rîşcani
798,Cullan,Allon,Male,6207162108,callonm5@illinois.edu,Na Muen
799,Coriss,Cratchley,Female,6413142354,ccratchleym6@printfriendly.com,Airmolek
800,Mabelle,Clarkson,Female,7277559948,mclarksonm7@sciencedaily.com,Tsimasham
801,Seward,Keveren,Male,4978855406,skeverenm8@acquirethisname.com,Galis
802,Christoper,Varley,Male,9755318369,cvarleym9@mac.com,Aţ Ţaybah
803,Bordie,Burdas,Male,1881426497,bburdasma@list-manage.com,Obigarm
804,Adams,Macrow,Male,4151604650,amacrowmb@geocities.jp,Sultan Kudarat
805,Berti,Beeching,Male,2613538547,bbeechingmc@economist.com,Karangpeton
806,Mignon,Doni,Female,8626487688,mdonimd@gizmodo.com,Guangfu
807,Suzy,Dunklee,Female,9829330132,sdunkleeme@typepad.com,Wanareja
808,Zak,Clemonts,Male,5748195961,zclemontsmf@nih.gov,Opatowiec
809,Grove,Iremonger,Male,7289853574,giremongermg@seesaa.net,Brangsi
810,Renee,Spacey,Female,6067952287,rspaceymh@amazonaws.com,Lajkovac
811,Caspar,Lougheed,Male,9972497671,clougheedmi@printfriendly.com,Magdalena
812,Tiphanie,Krystek,Female,5081266922,tkrystekmj@fastcompany.com,Jining
813,Lazaro,Glentworth,Male,6601439328,lglentworthmk@squarespace.com,Camindangan
814,Putnam,Philippard,Male,6398759705,pphilippardml@bloomberg.com,Villa Bisonó
815,Allistir,Baudinot,Male,5263026999,abaudinotmm@homestead.com,San Juan
816,Debee,Ruzic,Female,9581172078,druzicmn@squidoo.com,Senggapi
817,Anselma,Chiechio,Female,2736285616,achiechiomo@miibeian.gov.cn,Citambal
818,Lonnie,Maxwell,Male,7123770353,lmaxwellmp@ebay.com,Catanduva
819,Bevan,Akroyd,Male,3237955343,bakroydmq@tripadvisor.com,Chokwé
820,Calhoun,Layson,Male,2871272209,claysonmr@vinaora.com,Puck
821,Dorena,Skayman,Female,8292877138,dskaymanms@java.com,Czerwonak
822,Ashlie,Ridder,Female,6831178565,ariddermt@baidu.com,Río Campo
823,Tremain,Pears,Male,3394130985,tpearsmu@cisco.com,Weizheng
824,Marjory,Haggett,Female,5785223409,mhaggettmv@altervista.org,Namyangju
825,Elfreda,Fiander,Female,4656781772,efiandermw@rambler.ru,Songhae
826,Bevan,Blundon,Male,6565006750,bblundonmx@wikimedia.org,Legionowo
827,Milena,Tolhurst,Female,8924017559,mtolhurstmy@infoseek.co.jp,Borås
828,Sella,Allaway,Female,1208490768,sallawaymz@simplemachines.org,Horizonte
829,Seward,Frary,Male,5215435661,sfraryn0@ebay.co.uk,Carolina
830,Steffi,Olcot,Female,1482515716,solcotn1@businesswire.com,Álftanes
831,Kimball,Ratnege,Male,1302685020,kratnegen2@china.com.cn,Kępice
832,Kurt,Marlin,Male,6692823119,kmarlinn3@ibm.com,Sandefjord
833,Lek,Tancock,Male,6464665500,ltancockn4@dropbox.com,Zaragoza
834,Kacey,Sorey,Female,6513735118,ksoreyn5@rambler.ru,Emiliano Zapata
835,Dacy,Huortic,Female,9349347034,dhuorticn6@msu.edu,Hacıqabul
836,Luigi,Russe,Male,8766681751,lrussen7@sun.com,Labuhanjambu
837,Powell,Robbie,Male,1008798325,probbien8@cpanel.net,Itambé
838,Meaghan,Tregea,Female,2946710319,mtregean9@home.pl,Rumelange
839,Nathalia,Wills,Female,2159630206,nwillsna@biblegateway.com,Yangji
840,Coralie,Musso,Female,2873454450,cmussonb@people.com.cn,Mardīān
841,Bill,Windaybank,Female,9781818730,bwindaybanknc@tripadvisor.com,Tougan
842,Dori,Belchamber,Female,2705606273,dbelchambernd@hugedomains.com,Leer
843,Krishna,Westmancoat,Male,1146458324,kwestmancoatne@ftc.gov,Stockholm
844,Donaugh,Adamo,Male,8633332834,dadamonf@4shared.com,Tuochuan
845,Antonella,Mattei,Female,7558425307,amatteing@webmd.com,Marcabal
846,Aurelie,Hutley,Female,5516947093,ahutleynh@cnet.com,Macedo de Cavaleiros
847,Shannon,Moorwood,Male,6198515173,smoorwoodni@quantcast.com,Olival Basto
848,Talyah,Kleinmintz,Female,9844446801,tkleinmintznj@phpbb.com,Tanjung
849,Lexie,Nijssen,Female,7012934459,lnijssennk@nbcnews.com,Salvacion
850,Elizabeth,Felkin,Female,4348579020,efelkinnl@engadget.com,Oenpeotnai
851,Mal,Antonov,Male,8466921484,mantonovnm@amazon.com,Shangyuan
852,Stevy,Smalley,Male,8803013763,ssmalleynn@whitehouse.gov,San Quintin
853,Cletis,Letts,Male,4359985123,clettsno@paginegialle.it,Umbuldamar
854,Novelia,Sherwill,Female,6586055773,nsherwillnp@nhs.uk,Medeiros Neto
855,Lindsey,Barkus,Female,5554117947,lbarkusnq@homestead.com,Jurak Lao’
856,Vassili,Dalyell,Male,9261032067,vdalyellnr@sina.com.cn,Jiangzao
857,Pegeen,Andriuzzi,Female,1066257955,pandriuzzins@businessinsider.com,Na Yung
858,Adoree,Egre,Female,3095584531,aegrent@123-reg.co.uk,Tudela
859,Nil,Louca,Male,4774742567,nloucanu@dion.ne.jp,Bern
860,Xaviera,Hanselmann,Female,7722937331,xhanselmannnv@apache.org,Sandefjord
861,Teddie,Balffye,Male,7016199798,tbalffyenw@shop-pro.jp,Rajsko
862,Madge,Napoli,Female,9714280862,mnapolinx@parallels.com,El Asintal
863,Idalia,Whiffen,Female,4261469527,iwhiffenny@techcrunch.com,Jawf al Maqbābah
864,Alis,Werrett,Female,3349356040,awerrettnz@hc360.com,Murom
865,Austen,Halligan,Male,1624895498,ahalligano0@blogspot.com,Jiaoxiyakou
866,Lyndsie,Triplow,Female,5038940779,ltriplowo1@ifeng.com,Balykchy
867,Shermie,Reilinger,Male,6838081332,sreilingero2@dyndns.org,Now Zād
868,Rachael,Shemelt,Female,7076775159,rshemelto3@dot.gov,Shuanghekou
869,Kasper,Caesmans,Male,5618586167,kcaesmanso4@myspace.com,Lélouma
870,Burgess,Demange,Male,6809920864,bdemangeo5@hibu.com,Pöytyä
871,Siusan,Balcers,Female,9756832147,sbalcerso6@hhs.gov,Mocun
872,Gisella,Kelledy,Female,3861058415,gkelledyo7@wikimedia.org,Zwedru
873,Thacher,Vidgen,Male,6365212866,tvidgeno8@si.edu,Mombetsu
874,Augy,Chicchelli,Male,1988731864,achicchellio9@clickbank.net,Buenaventura
875,Lucy,Pickton,Female,3817109717,lpicktonoa@narod.ru,Chao
876,Trixi,Maier,Female,3294761799,tmaierob@altervista.org,Yarumela
877,Hannah,Schott,Female,3207589973,hschottoc@devhub.com,Krajan
878,Wright,Hovel,Male,6101179071,whovelod@pinterest.com,Alibunan
879,Larissa,Nieass,Female,8338560560,lnieassoe@nps.gov,Hrádek
880,Letitia,MacPaike,Female,2028619480,lmacpaikeof@constantcontact.com,Bernardo Larroudé
881,Hernando,Jellard,Male,3318841208,hjellardog@xrea.com,Jiangcun
882,Sofie,Pavlovsky,Female,4124003474,spavlovskyoh@economist.com,Yazykovo
883,Howie,Sargood,Male,5138951733,hsargoodoi@prweb.com,Montería
884,Marisa,Bousler,Female,9943911107,mbousleroj@amazon.com,Nanggewer
885,Thedric,Aldwich,Male,6518004007,taldwichok@seattletimes.com,Jixian
886,Lev,Lydiatt,Male,9261322159,llydiattol@icio.us,Tall Salḩab
887,Padriac,Hickisson,Male,8189261073,phickissonom@shinystat.com,Kabardinka
888,Karylin,Kenrack,Female,9484253382,kkenrackon@accuweather.com,Lesnoy
889,Ula,Sherrin,Female,9258763226,usherrinoo@comsenz.com,Beo
890,Kial,Garmey,Female,1342079591,kgarmeyop@harvard.edu,Santiago de María
891,Gerome,Jakeman,Male,7826309263,gjakemanoq@w3.org,Buenaventura
892,Aretha,Dunnico,Female,5238200590,adunnicoor@usa.gov,Mogzon
893,Tadeas,Kelledy,Male,4823180115,tkelledyos@hc360.com,El Limon
894,Barbey,Bram,Female,4124957550,bbramot@ezinearticles.com,Zhangcheng
895,Goober,Melia,Male,3991181869,gmeliaou@bigcartel.com,Sātkania
896,Frederica,Blazy,Female,4282972438,fblazyov@yale.edu,Bangekdewa
897,Aggie,Willis,Female,3084377132,awillisow@meetup.com,Poigar
898,Staford,Griggs,Male,8094588504,sgriggsox@ed.gov,Lagunillas
899,Milicent,Jandourek,Female,1122761690,mjandourekoy@kickstarter.com,Lākshām
900,Lura,Stone Fewings,Female,2896656321,lstonefewingsoz@hibu.com,Zagórnik
901,Currey,Macallam,Male,1984969097,cmacallamp0@state.gov,Kiangan
902,Rockey,Geldeford,Male,8287424450,rgeldefordp1@soup.io,Tambo
903,Abby,Couvet,Male,5082559825,acouvetp2@usgs.gov,Mafraq
904,Danielle,Jakovijevic,Female,7653760118,djakovijevicp3@weebly.com,Cikiruh Wetan
905,Ric,McGreary,Male,9156923904,rmcgrearyp4@skype.com,El Paso
906,Tami,Blizard,Female,8142551574,tblizardp5@desdev.cn,Qiancang
907,Kip,Merrall,Male,2194363089,kmerrallp6@netvibes.com,Xihuaiba
908,Patty,Spurett,Male,4363899072,pspurettp7@ovh.net,Mekarsari
909,Brewster,Vase,Male,7968126213,bvasep8@webs.com,Zhengyangshan
910,Di,Gutch,Female,9341733512,dgutchp9@over-blog.com,Genting
911,Chrissie,Thrush,Male,2605760689,cthrushpa@addtoany.com,Refojos
912,Barth,Giovannacc@i,Male,2583024983,bgiovannaccipb@wikimedia.org,Silongin
913,Hall,Petzolt,Male,4449094402,hpetzoltpc@1und1.de,Bayt ‘Ūr at Taḩtā
914,Cleo,Nisbith,Female,6681138011,cnisbithpd@w3.org,Melita
915,Ariadne,Gabrieli,Female,5662197430,agabrielipe@uiuc.edu,Colendra
916,Leila,Naile,Female,5538832869,lnailepf@angelfire.com,Pulong Gubat
917,Jessey,Castanie,Male,5545654076,jcastaniepg@purevolume.com,Igaraçu do Tietê
918,Nolan,Garvagh,Male,7866774360,ngarvaghph@imageshack.us,Bastia
919,Harman,Demangeon,Male,9199216276,hdemangeonpi@simplemachines.org,Dunhua
920,Nikolaus,Hunting,Male,3023041537,nhuntingpj@storify.com,Krolevets’
921,Vina,Worsalls,Female,6603660878,vworsallspk@eventbrite.com,Cox’s Bāzār
922,Angelina,Damper,Female,2649220571,adamperpl@omniture.com,Trollhättan
923,Magdalen,Tennick,Female,8319498357,mtennickpm@amazon.co.jp,Fyllingsdalen
924,Haroun,Midgley,Male,9981217013,hmidgleypn@cpanel.net,Svislach
925,Elva,Edgeller,Female,2057794557,eedgellerpo@miibeian.gov.cn,Ludvika
926,Man,Lambole,Male,6285287634,mlambolepp@smugmug.com,Glugur Tengah
927,Wang,Sindell,Male,4875703841,wsindellpq@tinyurl.com,Tyachiv
928,Selinda,Brabham,Female,9089247250,sbrabhampr@cnbc.com,Miliangju
929,Bradney,Bulluck,Male,7131905313,bbulluckps@miitbeian.gov.cn,Houston
930,Ker,Cosstick,Male,8118528853,kcosstickpt@sun.com,Parachinar
931,Gael,Weekley,Male,3363253910,gweekleypu@icio.us,Eadestown
932,Keelby,Radden,Male,9178151705,kraddenpv@altervista.org,Sacanche
933,Andrey,Lightbody,Male,8659699903,alightbodypw@tumblr.com,Putina
934,Ephraim,Bane,Male,1044038535,ebanepx@eventbrite.com,Tucheng
935,Kinsley,Topes,Male,2109665519,ktopespy@rambler.ru,Tianyu
936,Harald,Wind,Male,5353814583,hwindpz@amazon.com,Chodová Planá
937,Antonin,Follacaro,Male,1517378037,afollacaroq0@domainmarket.com,Municipio de Copacabana
938,Christian,McLoney,Male,5662213027,cmcloneyq1@auda.org.au,Matingain
939,Arleyne,Dilke,Female,1694770722,adilkeq2@jalbum.net,Fika
940,Barclay,Buttrum,Male,6215479268,bbuttrumq3@exblog.jp,Tacuatí
941,Justen,Kahen,Male,3804247594,jkahenq4@indiegogo.com,Senj
942,Frieda,Allanson,Female,1056510019,fallansonq5@sina.com.cn,Portel
943,Faun,Rosencwaig,Female,4496677025,frosencwaigq6@adobe.com,Beloyarskiy
944,Raffarty,Horbath,Male,5979499107,rhorbathq7@geocities.jp,Padaimut
945,Jackie,O'Cahey,Male,7663968233,jocaheyq8@istockphoto.com,Rio Verde de Mato Grosso
946,Harriot,Janczak,Female,6855668186,hjanczakq9@pbs.org,Pagelaran
947,Devonna,Levet,Female,8237166108,dlevetqa@msu.edu,Pasirtundun
948,Johnathon,Thay,Male,8483304224,jthayqb@wordpress.org,Ryazhsk
949,Rip,Inglese,Male,9725625386,ringleseqc@auda.org.au,Carbajales
950,Sammie,MacGille,Male,6503145769,smacgilleqd@cafepress.com,Lubao
951,Lay,Kybbye,Male,1013442513,lkybbyeqe@goo.ne.jp,Palopo
952,Gustave,Elsop,Male,6225873983,gelsopqf@google.es,Noailles
953,Saunderson,Simonard,Male,7587525733,ssimonardqg@creativecommons.org,Landvetter
954,Ronny,Blakeley,Female,9679494747,rblakeleyqh@quantcast.com,Ribafria
955,Penn,Smitheman,Male,3055492508,psmithemanqi@furl.net,Xindu
956,Reggis,Tasseler,Male,1355359214,rtasselerqj@google.cn,Loay
957,Preston,Glover,Male,1102104719,pgloverqk@netlog.com,Zhangyang
958,Garfield,Coton,Male,5218396943,gcotonql@devhub.com,Brusartsi
959,Aryn,Dunkinson,Female,2676258132,adunkinsonqm@gnu.org,Philadelphia
960,Shayna,Dudderidge,Female,7804412262,sdudderidgeqn@linkedin.com,Donghu
961,Care,Borthwick,Male,6929855294,cborthwickqo@adobe.com,Suchen
962,Park,Ixer,Male,6791625948,pixerqp@mapquest.com,Shuangxi
963,Letitia,Berdale,Female,3872268635,lberdaleqq@discovery.com,Chavão
964,Patty,Ainge,Female,1404040572,paingeqr@virginia.edu,Maebashi-shi
965,Genia,Halladay,Female,2181705019,ghalladayqs@slideshare.net,Tacheng
966,Kamila,Aleveque,Female,1077803745,kalevequeqt@sun.com,Krasnaya Gorka
967,Olivette,Savill,Female,7847998035,osavillqu@mapquest.com,Al Jarādīyah
968,Basia,Graben,Female,4263528316,bgrabenqv@cyberchimps.com,Jishi
969,Ave,Ashwell,Male,9806196599,aashwellqw@t.co,Ungheni
970,Darda,O'Feeney,Female,4154047549,dofeeneyqx@ft.com,Paynjuwayn
971,Valli,Hamper,Female,7808863062,vhamperqy@spiegel.de,Jembangan
972,Moll,Stockow,Female,2653719537,mstockowqz@ning.com,Bosanski Šamac
973,Brunhilda,Grigolli,Female,5672165469,bgrigollir0@fema.gov,Marston
974,Xavier,Aspey,Male,9138563814,xaspeyr1@yellowpages.com,Yangyong
975,Reagen,Manners,Male,5894741249,rmannersr2@example.com,Shuhong
976,Tilly,Vibert,Female,2968830742,tvibertr3@ucla.edu,Kampunganyar
977,Norine,Simmgen,Female,1765411780,nsimmgenr4@ycombinator.com,Naranjos
978,Heriberto,Dugall,Male,5314073812,hdugallr5@myspace.com,Ryczów
979,Cher,Shiers,Female,2734753034,cshiersr6@linkedin.com,Liperi
980,Alfonso,Weinham,Male,9238326509,aweinhamr7@umich.edu,Kutamandarakan
981,Bernardine,McEntegart,Female,8469217636,bmcentegartr8@over-blog.com,Aimin
982,Ernie,Matteucci,Male,4906945790,ematteuccir9@cyberchimps.com,La Soledad
983,Ravi,Sandwith,Male,3795020358,rsandwithra@java.com,Lazaro Cardenas
984,Emelita,Tubbs,Female,9394974390,etubbsrb@soundcloud.com,Santana do Paraíso
985,Rickert,Larratt,Male,7374789676,rlarrattrc@va.gov,Tasikona
986,Kennie,Crosskill,Male,7539743288,kcrosskillrd@narod.ru,Antonina
987,Mandy,Sivills,Female,8255676758,msivillsre@sakura.ne.jp,Jequitinhonha
988,Carina,Jemmett,Female,1493630653,cjemmettrf@squarespace.com,Petushki
989,Lavena,Fridaye,Female,4377537414,lfridayerg@sina.com.cn,Odivelas
990,Bryna,Lanmeid,Female,3408015466,blanmeidrh@friendfeed.com,Gračac
991,Jeffy,Vertigan,Male,7203471324,jvertiganri@washington.edu,Mīrpur Māthelo
992,Armando,Leonards,Male,8656645017,aleonardsrj@indiatimes.com,Kemiri Daya
993,Randolph,Stickney,Male,3015106453,rstickneyrk@nps.gov,Santo Tomas
994,Forrester,Panons,Male,2045058960,fpanonsrl@wufoo.com,Fuzhuang
995,Bert,Khadir,Female,2195313431,bkhadirrm@hao123.com,Goundi
996,Karisa,Fewlass,Female,7466031077,kfewlassrn@histats.com,San Fernando
997,Greggory,Fronks,Male,1853464884,gfronksro@ftc.gov,Carletonville
998,Tyrone,Urrey,Male,4798086582,turreyrp@forbes.com,Krzeczów
999,Malynda,Matterson,Female,4274446056,mmattersonrq@amazon.co.uk,Borås
1000,Eberhard,Brownbridge,Male,4049431581,ebrownbridgerr@t.co,Pandak
